Date,North mean,North median,North std,Central mean,Central median,Central std,South mean,South median,South std,Total mean,Total median,Total std
2017-01-05,1.7906901836395264,1.8883081674575806,1.1472370624542236,1.3635711669921875,0.8065125346183777,1.0053716897964478,2.267507791519165,2.393404960632324,0.8023397922515869,1.7569023370742798,1.7961369752883911,1.1052441596984863
2017-01-12,2.5434958934783936,2.0965828895568848,1.9441169500350952,2.4686620235443115,2.063925266265869,1.756671667098999,3.232818126678467,3.611475944519043,1.4095745086669922,2.620959997177124,2.7097179889678955,1.8180229663848877
2017-03-03,,,,,,,,,,,,
2017-04-12,1.880823016166687,0.9636319279670715,1.8517361879348755,2.0892906188964844,1.1702005863189697,1.807871699333191,2.044299840927124,1.8826234340667725,1.2456544637680054,1.9809776544570923,1.2531094551086426,1.758787989616394
2017-05-22,3.254007339477539,2.6675000190734863,2.4666223526000977,3.434920310974121,2.668912887573242,2.5221943855285645,3.807100534439087,4.2229905128479,1.803600788116455,3.401319742202759,3.3912429809570312,2.40631103515625
2017-06-11,4.913857936859131,4.716187477111816,3.618084669113159,4.613829135894775,4.732022762298584,3.021143674850464,4.15575647354126,4.358650207519531,1.563433289527893,4.697657585144043,4.533681869506836,3.1904211044311523
2017-07-01,,,,,,,,,,,,
2017-07-06,3.339799404144287,3.0093555450439453,2.7588295936584473,3.446794271469116,2.6588809490203857,2.7181193828582764,3.8617143630981445,4.202615261077881,1.8271918296813965,3.4533562660217285,3.5132932662963867,2.638406991958618
2017-07-21,3.0649569034576416,2.440187692642212,2.282667398452759,2.9107120037078857,2.4845211505889893,2.0041067600250244,3.3388900756835938,3.7806291580200195,1.3719041347503662,3.0525429248809814,3.2041754722595215,2.0761771202087402
2017-07-26,2.713937997817993,2.351654529571533,2.0349714756011963,2.462629795074463,2.1665377616882324,1.5713437795639038,2.910935878753662,3.265596866607666,1.16461181640625,2.655367612838745,2.791623115539551,1.7774852514266968
2017-07-29,3.133615016937256,1.7814968824386597,2.7096824645996094,3.427351713180542,2.031219959259033,2.8782989978790283,3.6109700202941895,3.723001003265381,1.693057656288147,3.306652545928955,2.429635524749756,2.6568775177001953
2017-08-18,2.863118886947632,1.8722244501113892,2.234776020050049,2.7554616928100586,1.7230334281921387,2.094902992248535,3.4773600101470947,3.947331666946411,1.6800086498260498,2.919990301132202,2.618589162826538,2.124823570251465
2017-08-30,,,,,,,,,,,,
2017-09-04,2.27677059173584,1.984574794769287,1.7553012371063232,2.688170909881592,1.795654535293579,2.16013503074646,2.8356080055236816,3.067981719970703,1.4285162687301636,2.5090503692626953,2.3817954063415527,1.8835514783859253
2017-09-12,1.1914280652999878,1.209733247756958,0.7523672580718994,1.2238025665283203,1.1477299928665161,0.7084676027297974,1.628990888595581,1.6886799335479736,0.6228809356689453,1.26397705078125,1.3203294277191162,0.7346886992454529
2017-09-27,1.7905523777008057,1.7764859199523926,1.1675950288772583,1.9336981773376465,1.7141504287719727,1.2081760168075562,2.6519370079040527,2.9297070503234863,1.1264609098434448,1.9708137512207031,2.06044602394104,1.211979866027832
2017-11-11,0.9874704480171204,0.39917314052581787,1.5181063413619995,1.5409704446792603,0.9234735369682312,1.5721280574798584,2.3409993648529053,2.113266944885254,1.7902934551239014,1.3326138257980347,0.587879478931427,1.6517071723937988
2017-11-13,2.4277708530426025,2.055342674255371,1.6882586479187012,2.5036962032318115,2.0194315910339355,1.6828972101211548,3.3394181728363037,3.8553693294525146,1.4875438213348389,2.581007719039917,2.627045154571533,1.6877881288528442
2017-11-16,1.9399120807647705,1.852494239807129,1.0908269882202148,0.42134368419647217,0.4086233675479889,0.08433251827955246,1.9457820653915405,1.8415865898132324,1.0881377458572388,1.9344229698181152,1.8445950746536255,1.092612862586975
2017-12-08,2.9169085025787354,2.1631031036376953,2.220550775527954,2.678635835647583,1.4667062759399414,2.138669013977051,3.8571557998657227,4.457054138183594,1.9638291597366333,2.968475341796875,2.387828826904297,2.19063663482666
2018-01-05,1.5662007331848145,1.0449368953704834,1.1923704147338867,0.4109620749950409,0.3652469515800476,0.115381620824337,2.493577241897583,2.2978878021240234,1.6018669605255127,1.8005293607711792,1.2964040040969849,1.3765790462493896
2018-01-30,0.9855016469955444,1.053023338317871,0.5699053406715393,0.867117702960968,0.9915343523025513,0.2984903156757355,1.1667163372039795,1.153523325920105,0.3448096513748169,0.9687598943710327,1.0450778007507324,0.46234142780303955
2018-02-26,1.0188837051391602,0.46991804242134094,1.0980077981948853,1.6114634275436401,1.2168867588043213,1.2321805953979492,1.8262182474136353,1.8729406595230103,0.6913759708404541,1.5153279304504395,1.3316254615783691,1.1420468091964722
2018-03-06,2.2105162143707275,2.2859725952148438,1.1746771335601807,2.11232852935791,2.09189510345459,1.2450233697891235,2.046299934387207,2.2113139629364014,0.7397177815437317,2.119607448577881,2.210486888885498,1.1312892436981201
2018-03-08,2.028019666671753,1.4861252307891846,1.7085800170898438,2.2601635456085205,1.9407131671905518,1.6534850597381592,2.069490432739258,2.105743408203125,0.9192113876342773,2.1171672344207764,1.8416965007781982,1.59983229637146
2018-03-11,1.575294017791748,1.1710563898086548,1.2402924299240112,1.399488091468811,1.2052737474441528,0.9498959183692932,1.728204607963562,1.8108279705047607,0.7872223258018494,1.5365605354309082,1.3808348178863525,1.0904827117919922
2018-03-13,2.418090343475342,1.9001740217208862,1.8640203475952148,2.416687250137329,2.2833380699157715,1.6526561975479126,2.110464334487915,2.156378746032715,0.9433538913726807,2.3713605403900146,2.115792989730835,1.6870390176773071
2018-03-16,2.2260522842407227,1.8858819007873535,1.5964070558547974,2.168010950088501,2.006124496459961,1.4148242473602295,2.218719720840454,2.3646254539489746,0.9093401432037354,2.2056963443756104,2.1721532344818115,1.449760913848877
2018-04-02,2.0628156661987305,1.9208132028579712,1.3612086772918701,2.2469639778137207,2.155259132385254,1.3760493993759155,2.2952778339385986,2.363476276397705,0.6337078809738159,2.127699136734009,1.9788222312927246,1.3687092065811157
2018-04-05,3.1528007984161377,3.241875648498535,2.1009631156921387,2.557302236557007,2.5821101665496826,1.5736076831817627,2.557375192642212,2.7255682945251465,0.9131066799163818,2.849647283554077,2.8827097415924072,1.8050769567489624
2018-04-07,3.6866161823272705,3.5123980045318604,2.495525360107422,2.5902864933013916,2.7329893112182617,1.5618822574615479,3.882106304168701,3.109168291091919,2.167889356613159,3.2955870628356934,3.204613208770752,2.2136199474334717
2018-04-12,2.0815181732177734,1.7414088249206543,1.6273555755615234,2.623080253601074,2.1169495582580566,2.083712577819824,2.424133539199829,2.609370231628418,1.0767370462417603,2.3255703449249268,2.198259115219116,1.7578414678573608
2018-04-20,2.4784929752349854,1.6219091415405273,2.1005403995513916,2.311251401901245,1.9114365577697754,1.7823166847229004,2.491757869720459,2.783114433288574,1.0261644124984741,2.422401189804077,2.344755172729492,1.8661255836486816
2018-04-25,2.2148947715759277,2.04118275642395,1.4937078952789307,2.4238624572753906,2.3763082027435303,1.5563013553619385,2.3780415058135986,2.6702616214752197,0.8721519112586975,2.3141210079193115,2.468867301940918,1.4453251361846924
2018-05-05,,,,,,,,,,,,
2018-05-12,,,,,,,,,,,,
2018-05-15,2.384495973587036,2.1832268238067627,1.5925508737564087,2.4071156978607178,2.525322914123535,1.379935622215271,2.4797463417053223,2.6712639331817627,0.8497380018234253,2.4074976444244385,2.5010805130004883,1.4293593168258667
2018-05-20,2.9329075813293457,2.6558148860931396,1.9524905681610107,2.865990400314331,3.093372344970703,1.6086629629135132,3.1264073848724365,3.41583251953125,1.1792880296707153,2.9391167163848877,3.1620540618896484,1.739309549331665
2018-05-22,2.994591474533081,2.750699520111084,1.9807014465332031,3.315880298614502,3.581369638442993,1.8990885019302368,3.386706590652466,3.638700485229492,1.2333508729934692,3.1678528785705566,3.367648124694824,1.8661911487579346
2018-05-25,5.1572184562683105,4.98126220703125,3.884739875793457,3.0026967525482178,2.437734365463257,2.0669150352478027,,,,4.416553497314453,3.1955790519714355,3.5240745544433594
2018-05-27,3.263725519180298,2.8969428539276123,2.3356270790100098,3.0494778156280518,2.567627191543579,2.0221168994903564,3.5037217140197754,3.8241443634033203,1.35212242603302,3.2320103645324707,3.3968987464904785,2.113124370574951
2018-06-06,3.424960136413574,3.1450226306915283,2.3347105979919434,3.439509630203247,3.570321798324585,2.0498874187469482,3.8997581005096436,4.262303829193115,1.49045991897583,3.5021321773529053,3.865218162536621,2.1343421936035156
2018-06-09,,,,,,,,,,,,
2018-06-11,3.0836665630340576,1.9942442178726196,2.6234447956085205,1.2330797910690308,0.7663875818252563,1.3862278461456299,3.412677526473999,2.694241762161255,2.765442132949829,2.7974367141723633,1.4755135774612427,2.578599452972412
2018-06-14,3.377800941467285,2.4965004920959473,2.6016077995300293,3.449411153793335,3.102004051208496,2.253993272781372,3.892794132232666,4.162070274353027,1.7663506269454956,3.4813685417175293,3.455840587615967,2.3787310123443604
2018-07-11,,,,,,,,,,,,
2018-07-14,2.652785301208496,2.194563150405884,1.9236953258514404,2.841485023498535,2.448791027069092,1.9228870868682861,2.9188199043273926,3.2647783756256104,1.2094812393188477,2.7604801654815674,2.757331371307373,1.837196707725525
2018-07-19,,,,,,,,,,,,
2018-08-08,,,,,,,,,,,,
2018-08-10,,,,,,,,,,,,
2018-08-25,3.207963466644287,2.481649398803711,2.4464361667633057,3.388822317123413,2.3531546592712402,2.52114200592041,4.00266170501709,4.4478535652160645,1.8649617433547974,3.3910226821899414,3.2862536907196045,2.4114015102386475
2018-09-07,2.480293035507202,1.874817132949829,1.9994977712631226,2.3644492626190186,1.6888835430145264,1.8861385583877563,3.662407159805298,4.085546493530273,1.7241135835647583,2.616353750228882,2.503448963165283,1.9711673259735107
2018-09-09,2.8102707862854004,2.139268636703491,2.203396797180176,2.941554069519043,2.0302886962890625,2.245028495788574,3.809494733810425,4.249470233917236,1.6186909675598145,2.9855329990386963,2.9495043754577637,2.1773574352264404
2018-09-17,,,,,,,,,,,,
2018-09-19,2.6792736053466797,1.6759417057037354,2.372528553009033,3.230046033859253,1.6620608568191528,2.8263802528381348,3.070420265197754,3.4081904888153076,1.5056473016738892,2.933410167694092,2.4671261310577393,2.456090211868286
2018-09-22,,,,,,,,,,,,
2018-09-24,2.036229133605957,1.4838882684707642,1.6630228757858276,2.319742202758789,1.6848887205123901,1.5326435565948486,2.5984652042388916,2.8614792823791504,1.1554771661758423,2.2295305728912354,1.8119372129440308,1.5575792789459229
2018-10-09,2.782449722290039,1.7093055248260498,2.3623101711273193,2.666172742843628,1.7509045600891113,2.129162311553955,3.439364433288574,3.5792770385742188,1.9837796688079834,2.8392059803009033,2.31978702545166,2.2430477142333984
2018-11-16,,,,,,,,,,,,
2018-11-26,,,,,,,,,,,,
2018-12-08,2.9470150470733643,1.8196101188659668,2.3766210079193115,2.8519608974456787,1.5104103088378906,2.3468034267425537,3.9087445735931396,4.531789302825928,2.1672022342681885,3.0336949825286865,1.9824695587158203,2.3655879497528076
2018-12-11,1.118804693222046,0.4802088737487793,1.270992398262024,,,,1.7995185852050781,1.839159369468689,0.9187915921211243,1.1204525232315063,0.480795294046402,1.270698070526123
2018-12-13,2.448093891143799,1.8657406568527222,1.845887541770935,2.584768295288086,1.9393287897109985,1.8690265417099,3.428266763687134,3.9557204246520996,1.5666733980178833,2.6411662101745605,2.6463215351104736,1.8461087942123413
2018-12-16,2.1476967334747314,1.7358136177062988,1.763970971107483,1.273988962173462,0.8032366037368774,1.1481441259384155,2.7958157062530518,2.933929920196533,1.458042025566101,2.1453919410705566,1.8507640361785889,1.6821759939193726
2018-12-31,1.1769449710845947,0.758774995803833,1.2085322141647339,0.5219343900680542,0.4806629419326782,0.2211005538702011,3.4209604263305664,3.109124183654785,1.5160170793533325,1.5438423156738281,0.9430946707725525,1.518012523651123
2019-01-10,,,,,,,,,,,,
2019-01-17,1.940246820449829,1.774868369102478,1.276280403137207,2.124335765838623,1.9582172632217407,1.255191683769226,2.5831897258758545,2.8460094928741455,1.0951004028320312,2.10052227973938,2.2278432846069336,1.2623963356018066
2019-01-30,1.7203056812286377,1.5052258968353271,1.0212721824645996,1.5241843461990356,1.0729954242706299,1.0948315858840942,2.594521999359131,2.735201835632324,1.0930830240249634,1.9040758609771729,1.9530665874481201,1.1357839107513428
2019-02-01,1.767441749572754,1.6615705490112305,1.1542396545410156,1.8557590246200562,1.7738498449325562,1.0666217803955078,2.4451451301574707,2.706289291381836,0.9557336568832397,1.8985267877578735,2.0620028972625732,1.1201083660125732
2019-02-06,2.183795690536499,1.5038238763809204,1.8574507236480713,2.0713319778442383,2.114417552947998,1.2124099731445312,2.9775867462158203,2.683293342590332,2.229862689971924,2.21663761138916,1.9856663942337036,1.6969729661941528
2019-02-09,1.8580955266952515,1.7791993618011475,1.2910808324813843,1.7817533016204834,1.578160047531128,1.1208913326263428,2.2784767150878906,2.456284523010254,0.8268561363220215,1.9187012910842896,1.997174859046936,1.1673972606658936
2019-02-16,2.9788646697998047,2.5620028972625732,2.275570869445801,2.625652313232422,1.9548940658569336,1.8499406576156616,3.504643678665161,3.8641858100891113,1.5982215404510498,2.9409146308898926,2.8865020275115967,2.063678503036499
2019-02-24,2.1485347747802734,2.280062437057495,1.4197144508361816,2.202056884765625,2.062392473220825,1.5005805492401123,2.8747200965881348,3.197380542755127,1.1970772743225098,2.296126365661621,2.5126452445983887,1.4343993663787842
2019-03-01,2.8752543926239014,2.7237589359283447,2.115605592727661,2.3079299926757812,2.301560878753662,1.2823166847229004,2.9253618717193604,3.0284361839294434,1.5979822874069214,2.644209384918213,2.5639634132385254,1.7944375276565552
2019-03-03,2.045053005218506,1.842089056968689,1.415502667427063,2.068582534790039,2.2282958030700684,1.180931806564331,2.7570114135742188,3.025463819503784,1.1110504865646362,2.1619791984558105,2.3344264030456543,1.316264033317566
2019-03-11,2.5864479541778564,2.2724761962890625,1.8163090944290161,2.546701431274414,2.2759628295898438,1.664482831954956,3.655836343765259,4.003423690795898,1.5819607973098755,2.7404654026031494,2.8986897468566895,1.771665334701538
2019-03-21,,,,4.012721538543701,2.368680238723755,3.8751914501190186,,,,4.012721538543701,2.368680238723755,3.8751914501190186
2019-03-23,2.5412731170654297,2.0553884506225586,1.8049768209457397,2.5791232585906982,2.6851701736450195,1.5523492097854614,3.1416544914245605,3.3644046783447266,1.2734390497207642,2.644460916519165,2.8460021018981934,1.6608917713165283
2019-04-02,2.400522232055664,2.0363717079162598,1.7236336469650269,2.6258254051208496,2.230687141418457,1.7635374069213867,3.169156551361084,3.4335639476776123,1.2992222309112549,2.560959815979004,2.5147061347961426,1.7162736654281616
2019-04-12,2.6095943450927734,2.100992202758789,1.9080073833465576,2.8559961318969727,2.4058072566986084,1.9467788934707642,3.194596290588379,3.4834511280059814,1.3321748971939087,2.784449338912964,2.8168370723724365,1.8597309589385986
2019-04-15,2.4185216426849365,2.2201576232910156,1.591070294380188,2.5193347930908203,2.3355979919433594,1.552243709564209,3.0156478881835938,3.360243320465088,1.1311874389648438,2.543771982192993,2.810009479522705,1.5307360887527466
2019-04-17,2.5713467597961426,2.3901169300079346,1.7249096632003784,3.0396480560302734,2.755350112915039,2.0122220516204834,3.3892111778259277,3.630445957183838,1.5076829195022583,2.859039783477783,2.9105629920959473,1.8286527395248413
2019-04-30,,,,,,,,,,,,
2019-05-02,3.0625596046447754,3.114326000213623,1.9048452377319336,2.9000895023345947,3.1004233360290527,1.5760928392410278,3.673483371734619,3.9928901195526123,1.3063119649887085,3.096885919570923,3.5215961933135986,1.732316493988037
2019-05-05,2.478722333908081,2.3196616172790527,1.6091440916061401,2.4740867614746094,2.4334144592285156,1.4485018253326416,2.972996234893799,3.250563144683838,1.0197163820266724,2.5511627197265625,2.794650077819824,1.4887959957122803
2019-05-15,2.833813428878784,2.7935187816619873,1.9075026512145996,2.4984169006347656,2.606658458709717,1.391044020652771,4.371170520782471,4.695365905761719,2.0426905155181885,2.9437825679779053,3.008395195007324,1.8686827421188354
2019-06-01,2.5779764652252197,2.2550172805786133,1.6971051692962646,3.54628324508667,3.896106481552124,1.7846835851669312,3.0398623943328857,3.0344810485839844,1.3894779682159424,2.9895615577697754,2.7377169132232666,1.752445101737976
2019-06-16,2.6892075538635254,2.6635053157806396,1.9055768251419067,2.81129789352417,2.5904600620269775,2.0647735595703125,3.6420702934265137,3.941667079925537,1.6647446155548096,2.875628709793091,3.0582523345947266,1.9575494527816772
2019-06-19,,,,,,,,,,,,
2019-06-21,2.65816330909729,2.8739569187164307,1.669014811515808,2.8717362880706787,3.0228817462921143,1.8336108922958374,3.696315288543701,3.998117685317993,1.3927619457244873,2.889026165008545,3.2865731716156006,1.7281336784362793
2019-06-24,1.7983957529067993,1.0379948616027832,1.6792951822280884,2.3909990787506104,1.7375625371932983,1.94359290599823,3.3250815868377686,3.63360333442688,1.5241035223007202,2.2950100898742676,1.7802555561065674,1.854058861732483
2019-06-29,2.417997121810913,2.6396193504333496,1.563917875289917,3.542447805404663,2.8754665851593018,2.8349623680114746,5.9364824295043945,5.721709251403809,3.4130806922912598,3.294687509536743,2.965287685394287,2.6533703804016113
2019-07-04,2.79400634765625,2.840395212173462,1.8191051483154297,2.9979865550994873,2.979325294494629,1.8814549446105957,4.183437824249268,4.481780052185059,1.6728976964950562,3.0733816623687744,3.2531228065490723,1.8809007406234741
2019-07-06,3.0637826919555664,3.2617902755737305,1.66960608959198,3.3949806690216064,3.62430739402771,1.7928547859191895,4.6807146072387695,4.913765907287598,1.7805544137954712,3.421428918838501,3.664731979370117,1.8146322965621948
2019-07-09,,,,,,,,,,,,
2019-07-11,,,,2.9521148204803467,3.3011295795440674,1.7255969047546387,4.4269185066223145,4.869295120239258,1.9389400482177734,3.4519052505493164,3.8424489498138428,1.929242491722107
2019-07-16,2.266101360321045,2.1615805625915527,1.5401865243911743,2.7468230724334717,2.5280914306640625,1.9259847402572632,4.279880046844482,4.6222357749938965,2.129304885864258,2.734464168548584,2.647204875946045,1.904052972793579
2019-07-24,0.36217987537384033,0.25043752789497375,0.5429708957672119,0.634936511516571,0.3251999616622925,0.7321739792823792,0.24275703728199005,0.2517475485801697,0.08807331323623657,0.5285235643386841,0.2953052520751953,0.6750465631484985
2019-08-03,2.1698644161224365,2.334301471710205,1.3587135076522827,2.365323781967163,2.4882750511169434,1.4789103269577026,3.6374640464782715,4.135227203369141,1.4760258197784424,2.4574687480926514,2.764132261276245,1.5053350925445557
2019-08-05,2.3823466300964355,2.607640266418457,1.4249558448791504,2.6601710319519043,2.737403392791748,1.650675892829895,4.043885707855225,4.495296955108643,1.6431337594985962,2.727368116378784,2.9868221282958984,1.6406385898590088
2019-08-08,1.9908989667892456,1.9279555082321167,1.4166157245635986,2.071481943130493,1.9292508363723755,1.4429737329483032,3.2327866554260254,3.639920234680176,1.399637222290039,2.2051966190338135,2.307062864303589,1.487460970878601
2019-08-10,1.4122977256774902,1.3728619813919067,0.9268690347671509,1.7693324089050293,1.7030646800994873,1.120242714881897,2.6385977268218994,2.851431369781494,1.0932365655899048,1.7197071313858032,1.6551040410995483,1.1049309968948364
2019-08-13,1.576330304145813,1.6492117643356323,0.9228359460830688,1.8093661069869995,1.6785080432891846,1.1795470714569092,2.8637771606445312,3.080716609954834,1.2442543506622314,1.8495746850967407,1.8583333492279053,1.1553308963775635
2019-08-23,1.9620205163955688,2.13226318359375,1.230224370956421,1.9552123546600342,2.092758893966675,1.1572531461715698,3.5031192302703857,3.976804733276367,1.4351937770843506,2.184720277786255,2.445765495300293,1.3517557382583618
2019-08-28,1.8657697439193726,1.8486213684082031,1.3660622835159302,1.8545093536376953,2.0053114891052246,1.2596195936203003,3.3496809005737305,3.175869941711426,1.2787238359451294,2.0068466663360596,2.0977814197540283,1.3879765272140503
2019-08-30,1.6180120706558228,1.718014121055603,1.077148199081421,1.6742630004882812,1.7186260223388672,1.0859487056732178,3.3180923461914062,3.692412853240967,1.5820848941802979,1.8907138109207153,1.956120491027832,1.3119994401931763
2019-09-07,,,,,,,,,,,,
2019-09-09,2.2541534900665283,1.8215965032577515,1.8218427896499634,2.855039596557617,3.0121161937713623,1.504443645477295,3.9677493572235107,4.070493698120117,2.2853469848632812,2.948458194732666,2.860893487930298,1.9740140438079834
2019-09-22,,,,,,,,,,,,
2019-09-27,,,,,,,,,,,,
2019-10-09,1.6558274030685425,1.6964387893676758,1.1114550828933716,1.8066554069519043,1.8217657804489136,1.2309798002243042,3.3626410961151123,3.6633729934692383,1.6711028814315796,1.9525913000106812,2.1237330436706543,1.3747808933258057
2019-10-12,1.6078908443450928,1.490600824356079,1.2349369525909424,0.9690366387367249,0.5694071054458618,0.8053476810455322,3.2332680225372314,3.4236316680908203,1.353041172027588,1.690173625946045,1.4016417264938354,1.360924243927002
2019-11-18,1.5075223445892334,1.2636549472808838,1.0722309350967407,1.9304972887039185,1.5970059633255005,1.4152140617370605,2.519956350326538,2.757920742034912,1.1248785257339478,1.80790114402771,1.7533128261566162,1.263245701789856
2019-12-03,2.254183292388916,1.7763023376464844,1.712469220161438,2.6514346599578857,2.1537585258483887,1.926222801208496,2.88277530670166,3.1712212562561035,1.4206013679504395,2.5068092346191406,2.3964900970458984,1.7790215015411377
2019-12-06,1.655646562576294,1.475041389465332,1.274948239326477,1.6020046472549438,1.6726444959640503,0.6136561632156372,1.343906283378601,1.372274398803711,0.5977634191513062,1.618268609046936,1.5003662109375,1.1698734760284424
2019-12-08,2.0920746326446533,1.5908615589141846,1.5567775964736938,2.3962044715881348,2.056643486022949,1.664480209350586,2.956343173980713,3.2442054748535156,1.3153940439224243,2.3334872722625732,2.2375802993774414,1.594940185546875
2019-12-11,,,,,,,,,,,,
2019-12-13,0.6472417712211609,0.5184833407402039,0.3723989427089691,1.6299070119857788,1.2989590167999268,1.0943039655685425,1.523288369178772,1.576131820678711,0.5824294090270996,1.558680534362793,1.4040658473968506,0.9744612574577332
2019-12-26,0.7572575807571411,0.417557954788208,0.8899573683738708,0.6765440702438354,0.6766971349716187,0.13541187345981598,2.325348377227783,2.395766019821167,0.8282979726791382,1.197230339050293,0.5807225704193115,1.1067454814910889
2020-01-07,1.7757842540740967,1.3898664712905884,1.3610870838165283,1.6003297567367554,0.8893594145774841,1.436224102973938,2.0653152465820312,2.212759494781494,0.7304520010948181,1.7865135669708252,1.5654269456863403,1.3010025024414062
2020-01-15,1.2633697986602783,0.9896819591522217,0.8837261199951172,1.7075916528701782,1.965997338294983,0.9200159311294556,3.025353193283081,2.761289596557617,1.6784746646881104,1.629266381263733,1.5069750547409058,1.1432950496673584
2020-01-25,1.893510341644287,1.8159747123718262,1.25718355178833,1.896484375,2.0630176067352295,1.0122755765914917,2.0219671726226807,2.143706798553467,0.5400341153144836,1.9171431064605713,2.071718692779541,1.0660408735275269
2020-02-01,1.515289545059204,1.5897905826568604,0.9177623391151428,2.3098995685577393,2.0112955570220947,1.5655126571655273,1.238958477973938,1.257943868637085,0.3451562523841858,1.7513726949691772,1.4542217254638672,1.2124931812286377
2020-02-11,1.5395090579986572,1.619738221168518,1.0324722528457642,1.7652719020843506,1.8300743103027344,0.9300155639648438,1.4028643369674683,1.4342811107635498,0.38254135847091675,1.6030269861221313,1.5705182552337646,0.9311981201171875
2020-02-24,1.4613145589828491,1.486251711845398,0.9727623462677002,1.5704225301742554,1.6513588428497314,0.7820788621902466,2.910369396209717,2.2934672832489014,1.4552720785140991,1.693243384361267,1.64764404296875,1.092737078666687
2020-02-29,1.592764139175415,1.5577713251113892,1.27375328540802,1.7234013080596924,1.8961999416351318,0.925247848033905,1.9759849309921265,1.936975121498108,0.8686180710792542,1.7001069784164429,1.7664355039596558,1.106565237045288
2020-03-10,1.2655540704727173,1.3937839269638062,0.7614544630050659,1.314634919166565,1.4225845336914062,0.6913111805915833,1.2959438562393188,1.3823916912078857,0.3586699068546295,1.2878719568252563,1.3945362567901611,0.6909823417663574
2020-03-12,1.1063982248306274,1.2088027000427246,0.626830518245697,1.21853768825531,1.3586126565933228,0.5975459218025208,1.153889536857605,1.1223301887512207,0.5620219707489014,1.1531084775924683,1.2036454677581787,0.6094077825546265
2020-03-15,1.144857406616211,1.252807855606079,0.6533699631690979,1.16037917137146,1.2637999057769775,0.5393822193145752,1.1496516466140747,1.2338494062423706,0.3549858331680298,1.1516114473342896,1.2493042945861816,0.5761789083480835
2020-03-20,1.258484125137329,1.4160125255584717,0.6367642283439636,1.33864164352417,1.4465453624725342,0.5865715742111206,1.2477282285690308,1.29344642162323,0.3585914075374603,1.285571813583374,1.3790826797485352,0.5868682265281677
2020-03-30,1.2356688976287842,1.354367971420288,0.6646371483802795,1.3536169528961182,1.4368163347244263,0.6377015709877014,1.45440673828125,1.556543231010437,0.4371872544288635,1.310371994972229,1.4492007493972778,0.6312227845191956
2020-04-04,1.5313791036605835,1.6875038146972656,0.7328556776046753,1.8215404748916626,1.9490785598754883,0.7627677917480469,1.7961820363998413,1.8731906414031982,0.4379255771636963,1.6738224029541016,1.8099833726882935,0.7221609354019165
2020-04-11,,,,,,,,,,,,
2020-04-16,1.6269841194152832,1.8382458686828613,0.8137983679771423,1.8834835290908813,2.08473801612854,0.8009143471717834,1.3892563581466675,1.446945071220398,0.32610464096069336,1.6830135583877563,1.6941750049591064,0.7751448154449463
2020-04-21,1.4183287620544434,1.590742588043213,0.7462092638015747,1.6220134496688843,1.783244013786316,0.7646390795707703,1.1988869905471802,1.2863291501998901,0.32817426323890686,1.46151602268219,1.4606224298477173,0.723994255065918
2020-04-24,1.3322819471359253,1.5241135358810425,0.6356841921806335,1.728040337562561,1.7942794561386108,0.969459593296051,1.7585455179214478,1.3396133184432983,1.0639687776565552,1.5258997678756714,1.5509889125823975,0.8501944541931152
2020-04-26,1.3817294836044312,1.5255205631256104,0.7250502705574036,1.6513105630874634,1.7193970680236816,0.8506973385810852,1.0870552062988281,1.1503117084503174,0.2861941158771515,1.4340769052505493,1.3633778095245361,0.7521366477012634
2020-05-09,1.855965495109558,1.8057620525360107,1.1973395347595215,2.142835855484009,1.978448510169983,1.2409437894821167,3.133429765701294,1.9400678873062134,2.2750661373138428,2.126699686050415,1.8984689712524414,1.470469355583191
2020-05-11,1.8557555675506592,1.9505572319030762,1.1107548475265503,2.1508853435516357,2.262758493423462,1.1849570274353027,1.4778839349746704,1.579176425933838,0.44274455308914185,1.9049417972564697,1.7631369829177856,1.090576410293579
2020-05-14,2.0850656032562256,1.9726002216339111,1.3692235946655273,2.04213809967041,2.09220027923584,0.924251139163971,1.6007080078125,1.6414759159088135,0.5952714681625366,2.011540412902832,1.8752120733261108,1.148466944694519
2020-05-16,2.175212860107422,2.4186935424804688,1.1724798679351807,2.4481711387634277,2.684333324432373,1.1448334455490112,1.7125531435012817,1.8143795728683472,0.42861226201057434,2.2042176723480225,2.077665090560913,1.1096528768539429
2020-05-24,1.942186713218689,2.1673548221588135,0.9861960411071777,2.0256645679473877,2.2598376274108887,0.9082754850387573,1.257381558418274,1.3401267528533936,0.2936122715473175,1.8705998659133911,1.7205321788787842,0.9246477484703064
2020-05-26,2.0972115993499756,2.342221260070801,1.077967882156372,2.253443717956543,2.499157190322876,1.0214550495147705,1.310326099395752,1.3835034370422363,0.3036760687828064,2.0366265773773193,1.879886269569397,1.0284054279327393
2020-05-29,1.8371813297271729,1.9797993898391724,0.9639598727226257,2.041806936264038,2.186028480529785,0.923050582408905,1.0518229007720947,1.0888631343841553,0.22417792677879333,1.7936779260635376,1.6296823024749756,0.935684084892273
2020-05-31,1.96934175491333,2.2198286056518555,1.0500541925430298,2.1094353199005127,2.3473825454711914,0.9777992367744446,1.2481682300567627,1.3079404830932617,0.27114757895469666,1.9129371643066406,1.728224277496338,0.9892707467079163
2020-06-03,2.1505985260009766,2.436354875564575,1.0418025255203247,2.332118511199951,2.5159449577331543,1.035771369934082,1.407212734222412,1.466129183769226,0.27954626083374023,2.105103015899658,1.962007761001587,1.01112699508667
2020-06-08,2.042009115219116,2.149263858795166,1.1868553161621094,2.240471601486206,2.3865790367126465,1.147244930267334,1.3814457654953003,1.4601178169250488,0.33997464179992676,2.014918327331543,1.741776704788208,1.1230851411819458
2020-06-20,1.656787395477295,1.8749809265136719,0.8955714702606201,1.8765393495559692,2.0774435997009277,0.8983247876167297,1.9752753973007202,2.1059203147888184,0.6280931234359741,1.7824796438217163,1.9924919605255127,0.871475100517273
2020-06-23,1.5141677856445312,1.666418433189392,0.6792747378349304,1.6193355321884155,1.7762260437011719,0.6661482453346252,1.728961706161499,1.8400213718414307,0.49745336174964905,1.5838522911071777,1.7428021430969238,0.6550455689430237
2020-07-03,1.7122970819473267,1.8898779153823853,0.8323207497596741,2.0817699432373047,2.279240608215332,0.9355699419975281,2.5245606899261475,2.7069363594055176,0.7365312576293945,1.9653534889221191,2.135444164276123,0.904538094997406
2020-07-10,1.9033340215682983,2.1740469932556152,0.9394969940185547,2.1587073802948,2.404670000076294,0.9760543704032898,2.327808380126953,2.45212984085083,0.6291049122810364,2.0575358867645264,2.3012351989746094,0.9279392957687378
2020-07-15,2.034680128097534,2.2450408935546875,1.070990800857544,2.4220786094665527,2.643333673477173,1.0476865768432617,2.7326128482818604,2.831968307495117,0.7023826837539673,2.276322603225708,2.4638514518737793,1.048702597618103
2020-07-18,1.8192182779312134,1.9293073415756226,0.8654904961585999,1.802714467048645,1.8683786392211914,0.8550779819488525,1.9043607711791992,1.9519802331924438,0.509189248085022,1.8272076845169067,1.9170321226119995,0.8159588575363159
2020-07-20,1.406847596168518,1.6183066368103027,0.745794415473938,1.5548160076141357,1.7251445055007935,0.7778467535972595,1.5578632354736328,1.6383907794952393,0.4638151228427887,1.4821938276290894,1.6453396081924438,0.726780116558075
2020-07-23,1.0073378086090088,1.101109266281128,0.48390328884124756,1.2412282228469849,1.3352808952331543,0.5794793963432312,1.0806636810302734,1.1374754905700684,0.2940053343772888,1.1013188362121582,1.1518759727478027,0.5093600749969482
2020-08-02,1.3332457542419434,1.5180492401123047,0.7056601047515869,1.5711283683776855,1.7745267152786255,0.7799315452575684,2.2280213832855225,2.4514341354370117,0.8607288002967834,1.5510456562042236,1.6961573362350464,0.8154915571212769
2020-08-04,1.900306224822998,1.8692482709884644,1.4754562377929688,1.7128838300704956,1.8342254161834717,0.9399561882019043,3.880873918533325,3.1469128131866455,2.3890116214752197,2.1553759574890137,2.077967882156372,1.6948115825653076
2020-08-07,1.2607203722000122,1.4230997562408447,0.7283983826637268,1.354813814163208,1.5874314308166504,0.7020826935768127,3.433701992034912,3.1136248111724854,1.6112089157104492,1.5978777408599854,1.6646783351898193,1.168617844581604
2020-08-09,1.136823296546936,1.3150415420532227,0.5980000495910645,1.3102209568023682,1.4712481498718262,0.6567600965499878,1.6527105569839478,1.8101714849472046,0.5894508957862854,1.2753269672393799,1.4287315607070923,0.6427889466285706
2020-08-22,1.5218082666397095,1.6146819591522217,0.8700165152549744,1.8252482414245605,1.8677425384521484,0.9291785359382629,1.8864296674728394,1.966855764389038,0.6451040506362915,1.6836256980895996,1.786224126815796,0.8774872422218323
2020-08-27,1.2022165060043335,1.3026673793792725,0.7267884016036987,1.1557475328445435,1.258038878440857,0.604174017906189,1.2722423076629639,1.3913376331329346,0.4665052592754364,1.196588397026062,1.323251724243164,0.6526409387588501
2020-09-13,0.5324828624725342,0.43282926082611084,0.3768581748008728,1.0832633972167969,1.1121268272399902,0.5004305839538574,0.9451873302459717,0.9672572612762451,0.2815386950969696,0.7907906174659729,0.7180284261703491,0.4888637363910675
2020-09-18,1.0305134057998657,1.1025038957595825,0.42481759190559387,1.2459285259246826,1.3417816162109375,0.4049537479877472,1.2701654434204102,1.3171563148498535,0.3014153242111206,1.1425384283065796,1.221343755722046,0.4168914556503296
2020-10-01,1.2750250101089478,1.3881301879882812,0.5256271958351135,1.3158977031707764,1.4086910486221313,0.4072951078414917,1.8542877435684204,1.9541876316070557,0.469882607460022,1.3752082586288452,1.4528849124908447,0.5185109376907349
2020-10-21,,,,,,,,,,,,
2020-10-28,,,,,,,,,,,,
2020-11-17,0.5519781708717346,0.5709415078163147,0.2511609196662903,0.6156375408172607,0.6311591863632202,0.2521221339702606,0.5133030414581299,0.5211170315742493,0.17176568508148193,0.5700724720954895,0.5774076581001282,0.2455892413854599
2020-12-10,0.9684911370277405,0.6739139556884766,0.7610399723052979,1.1363356113433838,0.7945189476013184,0.9820867776870728,1.1634600162506104,1.0091660022735596,0.6146446466445923,1.0709710121154785,0.8022833466529846,0.8696383237838745
2020-12-12,0.86374431848526,0.8374659419059753,0.5507173538208008,0.5576728582382202,0.5299477577209473,0.2815571129322052,0.8288348317146301,0.8701172471046448,0.30826136469841003,0.7484842538833618,0.7191057205200195,0.46193307638168335
2020-12-30,1.035479187965393,0.9718851447105408,0.6712053418159485,0.5677235126495361,0.43592891097068787,0.4762862026691437,0.9930750131607056,0.9712550640106201,0.3427143692970276,1.0073826313018799,0.9442635774612427,0.6288375854492188
2021-01-04,,,,,,,,,,,,
2021-01-31,1.0420061349868774,0.9488227963447571,0.5993112921714783,1.4754458665847778,1.461787462234497,0.5408262014389038,1.2590910196304321,1.2757842540740967,0.48092982172966003,1.3557181358337402,1.3571668863296509,0.5848236083984375
2021-02-05,1.4864894151687622,1.4604945182800293,1.0939236879348755,1.4301328659057617,1.4990479946136475,0.7698166370391846,1.0651401281356812,1.1001768112182617,0.31202635169029236,1.404407024383545,1.3024824857711792,0.9158742427825928
2021-02-08,,,,,,,,,,,,
2021-02-13,1.9408931732177734,1.7218291759490967,1.520293951034546,1.6206319332122803,1.706030011177063,0.8464040756225586,1.7711261510849,1.9492266178131104,0.8825060725212097,1.8032461404800415,1.7673335075378418,1.2414273023605347
2021-02-15,2.5645205974578857,1.9458876848220825,2.4865856170654297,2.026623010635376,1.9388221502304077,1.5610727071762085,1.6725599765777588,1.7301054000854492,0.9142756462097168,2.2307288646698,1.8604726791381836,2.0277233123779297
2021-02-18,1.7857304811477661,1.8974974155426025,1.133579969406128,1.6926355361938477,1.4872790575027466,1.1911619901657104,1.9724668264389038,2.1904172897338867,0.9169325232505798,1.7832287549972534,1.8558650016784668,1.1272976398468018
2021-02-20,2.385056734085083,2.5239572525024414,1.6829845905303955,2.167076826095581,2.340207576751709,1.345940351486206,2.826571464538574,3.1499814987182617,1.26559579372406,2.3740756511688232,2.639295816421509,1.520240306854248
2021-02-23,1.5032132863998413,1.2402892112731934,1.127751350402832,1.6494204998016357,1.648476243019104,0.8777544498443604,2.7548863887786865,2.4699902534484863,1.712720274925232,1.727692723274231,1.5926234722137451,1.2204248905181885
2021-03-05,2.4282243251800537,2.424578905105591,1.4950441122055054,2.0838565826416016,1.9915626049041748,1.1329835653305054,3.8526506423950195,3.805142879486084,2.070289373397827,2.5294787883758545,2.3541228771209717,1.6008965969085693
2021-03-10,1.1595107316970825,0.9983429908752441,1.0276297330856323,1.164840817451477,1.0561707019805908,0.8212180137634277,2.0541398525238037,1.9875926971435547,1.0468006134033203,1.300947904586792,1.1226654052734375,1.015551209449768
2021-03-12,1.3950012922286987,1.2919288873672485,1.0140976905822754,1.9264090061187744,1.8694231510162354,1.2972190380096436,2.5307369232177734,2.424229145050049,1.232508897781372,1.734358787536621,1.5906097888946533,1.2153810262680054
2021-03-15,1.8420566320419312,1.8143492937088013,1.301743507385254,1.5233792066574097,1.563563346862793,0.8069145083427429,2.6541755199432373,2.93159818649292,1.2181308269500732,1.810254454612732,1.7231829166412354,1.17702317237854
2021-03-27,1.0752962827682495,1.1196250915527344,0.5468510389328003,1.2631351947784424,1.3556362390518188,0.5464843511581421,1.9196869134902954,1.9874820709228516,0.6472482681274414,1.2673145532608032,1.299870252609253,0.6307357549667358
2021-03-30,2.0126049518585205,1.9611995220184326,1.660953402519226,1.738714337348938,1.8060978651046753,0.9778051376342773,2.439192295074463,2.585278272628784,0.726643443107605,1.9800342321395874,1.9913558959960938,1.3702055215835571
2021-04-01,1.2800847291946411,0.6973510980606079,1.8157436847686768,0.4973083734512329,0.20718517899513245,0.7566707730293274,1.0256119966506958,0.7088174819946289,1.2854490280151367,1.0362581014633179,0.5899147987365723,1.532007098197937
2021-04-04,1.0300253629684448,1.0496951341629028,0.6609559059143066,1.1762009859085083,1.2254700660705566,0.6303545236587524,1.818565845489502,1.8891358375549316,0.6453309655189514,1.1991214752197266,1.2266992330551147,0.7008250951766968
2021-04-24,4.55873441696167,4.105814456939697,3.250368356704712,3.94232177734375,2.778904914855957,2.7569634914398193,6.633131980895996,6.443526744842529,3.2573766708374023,4.404047966003418,3.4648239612579346,3.0354504585266113
2021-04-26,1.4532616138458252,1.6637624502182007,0.7872686386108398,1.3811358213424683,1.5639046430587769,0.6295567750930786,1.9821913242340088,2.0573372840881348,0.6062073707580566,1.5067987442016602,1.6889901161193848,0.7372691035270691
2021-04-29,1.4066601991653442,1.597035527229309,0.7253443002700806,1.2916631698608398,1.4186981916427612,0.49951857328414917,2.0585813522338867,2.169464588165283,0.6147153973579407,1.4634073972702026,1.560861349105835,0.6860814094543457
2021-05-26,1.4359098672866821,1.6327520608901978,0.6875818967819214,1.5999729633331299,1.8164476156234741,0.714412271976471,2.0228381156921387,2.108093023300171,0.5765430927276611,1.581677794456482,1.7603890895843506,0.7103807926177979
2021-05-29,1.6776354312896729,1.7506598234176636,1.036737322807312,1.7440905570983887,1.9314098358154297,0.7956135869026184,1.8465039730072021,1.8928990364074707,0.470487117767334,1.7279701232910156,1.833571434020996,0.8877399563789368
2021-06-13,1.6849596500396729,1.9227277040481567,0.8598212599754333,1.7199428081512451,1.9420993328094482,0.732383668422699,1.3166648149490356,1.3342552185058594,0.21257847547531128,1.6428762674331665,1.6641381978988647,0.7634076476097107
2021-06-15,1.6770548820495605,1.926608681678772,0.8676797747612,1.7596012353897095,2.002534866333008,0.8033198714256287,1.5343105792999268,1.5796639919281006,0.33148670196533203,1.6854897737503052,1.784815788269043,0.7899401783943176
2021-07-03,1.65703547000885,1.8132613897323608,0.8415460586547852,1.7947702407836914,1.953641653060913,0.7599913477897644,2.283085584640503,2.458404302597046,0.732359766960144,1.7995100021362305,1.96412992477417,0.8251358270645142
2021-07-10,1.3534706830978394,1.4578824043273926,0.8252567052841187,1.5018699169158936,1.6410893201828003,0.8479359149932861,1.8107070922851562,1.9371273517608643,0.7323088645935059,1.4744970798492432,1.6036007404327393,0.8348853588104248
2021-07-13,0.9421903491020203,0.8870365619659424,0.6262636780738831,1.0588843822479248,1.0705461502075195,0.6197380423545837,1.4226245880126953,1.5224380493164062,0.5435564517974854,1.0549360513687134,1.0779006481170654,0.6334757208824158
2021-07-18,1.5464895963668823,1.7059838771820068,0.8786290884017944,1.7903153896331787,1.9986250400543213,0.9419462084770203,2.1325631141662598,2.340212821960449,0.7700581550598145,1.7208255529403687,1.9090147018432617,0.90984046459198
2021-07-20,2.0281717777252197,2.2352843284606934,1.072576880455017,2.316257953643799,2.537517547607422,1.1144672632217407,2.7298896312713623,2.9121575355529785,0.922063410282135,2.2349002361297607,2.446291208267212,1.094306468963623
2021-07-23,1.4552645683288574,1.5849517583847046,0.8776500225067139,1.6157335042953491,1.7925764322280884,0.8694092631340027,2.0258617401123047,2.227836847305298,0.7780755758285522,1.5971640348434448,1.7838377952575684,0.8819440007209778
2021-07-25,1.624444842338562,1.6840132474899292,0.9922602772712708,1.596132755279541,1.5882556438446045,0.976753830909729,1.7921241521835327,1.8695158958435059,0.7278324365615845,1.6421934366226196,1.694041132926941,0.949550986289978
2021-07-28,1.6493860483169556,1.8530070781707764,0.9046499133110046,1.8973817825317383,2.114988088607788,0.9683852791786194,2.357271194458008,2.5366387367248535,0.7683340311050415,1.8432657718658447,2.057344913482666,0.9410046339035034
2021-07-30,1.8181915283203125,1.971025824546814,0.9739295840263367,2.2021076679229736,2.2788612842559814,1.1784359216690063,2.696326732635498,2.7866456508636475,0.9951832890510559,2.083853006362915,2.1729896068573,1.0974608659744263
2021-08-02,2.0654892921447754,2.061980962753296,1.6337920427322388,1.7232375144958496,1.8520047664642334,0.9821391105651855,2.439748764038086,2.6886146068573,1.0063176155090332,1.9942618608474731,2.1197140216827393,1.339949607849121
2021-08-04,2.3074584007263184,2.7334158420562744,1.4952373504638672,3.0350122451782227,3.1608474254608154,2.064337730407715,3.2261219024658203,3.374738931655884,1.4022740125656128,2.6935980319976807,2.9520046710968018,1.7424414157867432
2021-08-19,0.5640411376953125,0.5438975095748901,0.3117489814758301,0.7066459655761719,0.6576017141342163,0.40107089281082153,0.9758098125457764,1.0152758359909058,0.3355383574962616,0.6754980683326721,0.6438562273979187,0.37666264176368713
2021-08-22,0.9036126136779785,0.97015380859375,0.5026392936706543,0.9145931005477905,0.9492726922035217,0.4788574278354645,1.2986721992492676,1.397346019744873,0.46100950241088867,0.9661871790885925,1.0338504314422607,0.5075621604919434
2021-09-26,0.9313586950302124,1.0502724647521973,0.5542982220649719,0.8177980184555054,0.868893563747406,0.47966721653938293,1.3690541982650757,1.3513829708099365,0.6171267628669739,0.9521776437759399,1.0176825523376465,0.5664540529251099
2021-09-28,0.8475645184516907,0.9064433574676514,0.4515867829322815,0.7203495502471924,0.767841637134552,0.3708623945713043,1.1542246341705322,1.2244477272033691,0.3566141128540039,0.8439854979515076,0.9086233973503113,0.43222281336784363
2021-10-26,0.40602219104766846,0.17768388986587524,0.5711164474487305,1.0884586572647095,1.1568408012390137,0.3767962157726288,1.8404922485351562,1.8106606006622314,0.7474889755249023,0.6555031538009644,0.32098615169525146,0.6483011245727539
2021-11-07,1.724117636680603,1.5250978469848633,1.3574386835098267,1.9537357091903687,1.5014333724975586,1.520304799079895,1.5923864841461182,1.7014533281326294,0.6950934529304504,1.7890230417251587,1.6238784790039062,1.357279658317566
2021-11-22,0.7683323621749878,0.3121166527271271,0.9738197922706604,0.855988085269928,0.41075682640075684,0.998508095741272,0.7142370343208313,0.7140703797340393,0.3859851658344269,0.779991090297699,0.4267703890800476,0.8871709704399109
2021-11-30,2.358515739440918,2.493351936340332,1.754597783088684,1.244568943977356,0.6578441858291626,1.2723506689071655,2.092163562774658,2.1504645347595215,0.9050599932670593,1.6805355548858643,1.1885931491851807,1.3749648332595825
2021-12-22,1.6290911436080933,1.4615509510040283,1.2586568593978882,1.7635353803634644,1.5424864292144775,1.3548557758331299,2.0919888019561768,2.196307420730591,1.060196042060852,1.7451759576797485,1.6583930253982544,1.2764317989349365
2021-12-25,1.4061611890792847,0.7915419936180115,1.7885470390319824,0.9143086075782776,0.6872330904006958,0.8914325833320618,3.465334415435791,2.9641189575195312,1.812841773033142,2.3266007900238037,1.8866428136825562,2.0439417362213135
2021-12-27,1.8221158981323242,1.606614351272583,1.4875099658966064,1.6422199010849,1.8213779926300049,0.9961335062980652,2.3968687057495117,2.590125322341919,1.0711785554885864,1.8476805686950684,1.975287914276123,1.2714619636535645
2022-01-01,2.270624876022339,2.3457374572753906,1.6042407751083374,2.47383975982666,2.5993993282318115,1.3996896743774414,2.36643123626709,2.3037216663360596,1.298261284828186,2.3513612747192383,2.4412856101989746,1.5098294019699097
2022-01-16,0.714909017086029,0.7039079666137695,0.43767330050468445,0.9610793590545654,0.9407155513763428,0.5925804376602173,0.8241952061653137,0.7835268974304199,0.5282995700836182,0.8183075785636902,0.7719361186027527,0.5227281451225281
2022-01-24,1.3801109790802002,1.5360867977142334,0.8731027245521545,1.286784291267395,1.409304141998291,0.6820417046546936,1.7408430576324463,1.8030555248260498,0.5954038500785828,1.39291250705719,1.5350183248519897,0.7872576713562012
2022-02-05,1.1213726997375488,1.2085065841674805,0.6609022617340088,1.3832324743270874,1.4858633279800415,0.7802831530570984,1.6344062089920044,1.7554091215133667,0.6800119876861572,1.289992094039917,1.3677887916564941,0.7321071624755859
2022-02-13,1.0557458400726318,1.1795799732208252,0.5808342695236206,0.9417086839675903,1.0298570394515991,0.4202471673488617,1.3444997072219849,1.4637771844863892,0.5235540270805359,1.0587546825408936,1.162054419517517,0.5362809896469116
2022-02-15,1.2608730792999268,1.3891892433166504,0.7012594938278198,1.4504870176315308,1.6022074222564697,0.7612807750701904,1.6982662677764893,1.829026699066162,0.5596711039543152,1.3928254842758179,1.541831374168396,0.7210787534713745
2022-02-18,1.8225257396697998,1.6898114681243896,1.497779369354248,1.1096723079681396,1.0710350275039673,0.46300604939460754,,,,1.6506128311157227,1.5013267993927002,1.359054684638977
2022-02-20,0.8913200497627258,0.9605877995491028,0.40268296003341675,1.1173781156539917,1.2073795795440674,0.45185112953186035,1.1655843257904053,1.2042056322097778,0.32537487149238586,1.0120676755905151,1.0576571226119995,0.4282219111919403
2022-03-10,1.2569724321365356,1.2798720598220825,0.7358654141426086,1.3011679649353027,1.2934865951538086,0.4783518612384796,1.7423843145370483,1.7704102993011475,0.5995751023292542,1.3370885848999023,1.3515346050262451,0.6476526260375977
2022-03-15,,,,,,,,,,,,
2022-03-17,0.8458732962608337,0.9008611440658569,0.3540486991405487,1.1329100131988525,1.1849939823150635,0.43535593152046204,1.2447943687438965,1.2843068838119507,0.39374828338623047,1.006658673286438,1.0252574682235718,0.42337122559547424
2022-03-20,0.92636638879776,0.9657177925109863,0.5018810033798218,0.9361810684204102,0.9626088738441467,0.36784836649894714,1.0128461122512817,1.0414221286773682,0.31261634826660156,0.9430994987487793,0.9808622598648071,0.4337030053138733
2022-04-09,1.0836694240570068,1.1684119701385498,0.5866613984107971,1.150705337524414,1.2349743843078613,0.4999599754810333,2.1653850078582764,2.313568592071533,0.6938493251800537,1.2595926523208618,1.2884576320648193,0.6825116276741028
2022-04-19,1.0966318845748901,1.158565640449524,0.5908752083778381,1.357236623764038,1.474923849105835,0.6337070465087891,1.3775304555892944,1.4446070194244385,0.3568178117275238,1.2309143543243408,1.318082332611084,0.5937091112136841
2022-04-21,1.0161528587341309,1.1565004587173462,0.48425188660621643,1.2330135107040405,1.3509161472320557,0.5788383483886719,1.3162962198257446,1.3830827474594116,0.38367465138435364,1.1378273963928223,1.2462968826293945,0.5217968821525574
2022-05-06,1.167704701423645,1.059417963027954,0.5808877944946289,1.7722550630569458,1.876861333847046,0.6253411173820496,1.4246958494186401,1.410551905632019,0.31212952733039856,1.4200165271759033,1.3815518617630005,0.6295555233955383
2022-05-09,,,,,,,,,,,,
2022-05-11,1.5474765300750732,1.5254361629486084,0.9493342041969299,1.5933035612106323,1.2113516330718994,1.2942862510681152,2.290940999984741,1.7538464069366455,1.3709205389022827,1.6723668575286865,1.4554646015167236,1.1874760389328003
2022-05-16,1.5713857412338257,1.607169508934021,0.9781870245933533,1.8244034051895142,1.8313884735107422,1.112849473953247,1.6674383878707886,1.7179447412490845,0.5199370384216309,1.6849071979522705,1.7243329286575317,0.9821762442588806
2022-05-19,1.1045728921890259,1.110918402671814,0.5106869339942932,1.223291039466858,1.2291896343231201,0.46350640058517456,1.5928988456726074,1.4663881063461304,0.74884033203125,1.2146692276000977,1.2341468334197998,0.5621584057807922
2022-05-21,1.3226573467254639,1.437063455581665,0.5735193490982056,1.6137713193893433,1.734653353691101,0.6040372848510742,1.6930428743362427,1.7232184410095215,0.38828882575035095,1.4811502695083618,1.562608003616333,0.5834709405899048
2022-05-24,1.1815385818481445,1.2764596939086914,0.6290266513824463,1.1525965929031372,1.2620141506195068,0.483140230178833,1.5692391395568848,1.6044849157333374,0.5262467861175537,1.2282968759536743,1.331357479095459,0.5835532546043396
2022-06-08,2.7480194568634033,2.677443027496338,1.7739735841751099,2.0599679946899414,2.0834836959838867,1.1141564846038818,2.400407075881958,2.3824665546417236,0.8604966998100281,2.336671829223633,2.296530246734619,1.3401639461517334
2022-06-13,1.564407467842102,1.713374376296997,0.7488592267036438,1.765223741531372,1.8783924579620361,0.7883424162864685,1.8836774826049805,1.9041588306427002,0.4902946949005127,1.6834752559661865,1.7989200353622437,0.7415107488632202
2022-06-15,2.022195339202881,1.7754428386688232,1.6472654342651367,1.8247865438461304,1.5838956832885742,1.2473379373550415,2.360912561416626,2.3016586303710938,0.8667476773262024,1.9635852575302124,1.7916827201843262,1.4032599925994873
2022-06-18,1.6373462677001953,1.5278812646865845,1.2388324737548828,1.634423017501831,1.607248306274414,1.091315746307373,2.197512626647949,1.8419734239578247,1.2994111776351929,1.7362635135650635,1.63930082321167,1.221285104751587
2022-06-30,1.4361109733581543,1.6476974487304688,0.6780669093132019,1.5804157257080078,1.7554585933685303,0.6625630259513855,1.9221192598342896,2.005204677581787,0.4983154237270355,1.5600115060806274,1.7495791912078857,0.6694088578224182
2022-07-03,,,,,,,,,,,,
2022-07-08,0.7312301397323608,0.722538948059082,0.43700891733169556,0.7542679905891418,0.7576082944869995,0.3670334815979004,0.9402713775634766,0.9671176075935364,0.3484306037425995,0.7701058387756348,0.7823368906974792,0.40734338760375977
2022-07-28,0.8194491863250732,0.7965431213378906,0.39658066630363464,,,,,,,0.8194491863250732,0.7965431213378906,0.39658066630363464
2022-07-30,1.2437701225280762,1.392598032951355,0.5849621891975403,1.459205985069275,1.595078706741333,0.6312615275382996,1.6839226484298706,1.7676318883895874,0.4798288941383362,1.3857319355010986,1.506995677947998,0.6086735725402832
2022-08-02,1.449973464012146,1.3959150314331055,1.011580467224121,1.2783422470092773,1.3557918071746826,0.6273250579833984,1.7659906148910522,1.7409977912902832,0.6510853171348572,1.431917428970337,1.468689203262329,0.8477188944816589
2022-08-14,0.8428181409835815,0.8539695739746094,0.4809802770614624,1.3341087102890015,1.4302647113800049,0.5903248190879822,1.062219262123108,1.0746514797210693,0.3747577369213104,1.0476840734481812,1.0425759553909302,0.5552133321762085
2022-08-19,1.0422731637954712,1.1234499216079712,0.5220620036125183,1.2466845512390137,1.3468488454818726,0.5650907158851624,1.3119889497756958,1.365211009979248,0.42646220326423645,1.1550240516662598,1.2327014207839966,0.5370564460754395
2022-08-24,0.9580778479576111,0.9162930846214294,0.7113543748855591,1.0781707763671875,1.1745643615722656,0.595366358757019,2.817164897918701,2.127779483795166,2.0076587200164795,1.2226060628890991,1.1169075965881348,1.0761396884918213
2022-08-27,0.9782165884971619,1.1093623638153076,0.4912039339542389,0.9299702048301697,1.0320898294448853,0.4073309898376465,1.2302212715148926,1.3403544425964355,0.3936581313610077,0.9987804293632507,1.1275184154510498,0.45995479822158813
2022-08-29,0.5186676383018494,0.5156765580177307,0.22702878713607788,0.641694962978363,0.6264611482620239,0.299251914024353,0.702114462852478,0.7140635251998901,0.3132244944572449,0.5898389220237732,0.570691704750061,0.27795350551605225
2022-09-01,0.7552067637443542,0.8063115477561951,0.39025604724884033,0.8108299374580383,0.8503022193908691,0.37808671593666077,0.8913012146949768,0.952791690826416,0.315040647983551,0.7953159809112549,0.8549279570579529,0.37856215238571167
2022-09-08,0.9688587188720703,1.098400354385376,0.4808845520019531,1.089922308921814,1.203019142150879,0.4834420084953308,1.1109669208526611,1.18585205078125,0.3294384479522705,1.0330955982208252,1.1449133157730103,0.46684467792510986
2022-09-11,1.3745741844177246,1.5750151872634888,0.7659541964530945,1.3202563524246216,1.4944331645965576,0.5491563081741333,1.559774398803711,1.6759482622146606,0.4484115540981293,1.38334059715271,1.5782573223114014,0.6587322354316711
2022-09-13,0.9966247081756592,1.1002646684646606,0.4702572226524353,1.1515278816223145,1.2429379224777222,0.4856507182121277,1.2342191934585571,1.2874146699905396,0.3455488681793213,1.0869808197021484,1.1771354675292969,0.46897831559181213
2022-09-23,0.8404328227043152,0.9704574942588806,0.45384863018989563,0.8965294361114502,1.0094932317733765,0.47770121693611145,1.0741156339645386,1.1756138801574707,0.3769059479236603,0.8950438499450684,1.0264416933059692,0.4588282108306885
2022-10-08,,,,,,,,,,,,
2022-10-21,,,,,,,,,,,,
2022-10-23,0.5797551870346069,0.4967685043811798,0.43138036131858826,0.8879615068435669,0.8514967560768127,0.6105431318283081,0.7891221642494202,0.8287038803100586,0.3358183801174164,0.7022568583488464,0.6523972749710083,0.4960649311542511
2022-10-28,0.8237419724464417,0.8871932625770569,0.48977115750312805,1.0040842294692993,1.0323305130004883,0.6263549327850342,2.1548779010772705,2.4393410682678223,1.0673980712890625,1.083461880683899,1.0130010843276978,0.7939695119857788
2022-11-02,0.562140703201294,0.47198113799095154,0.3498974144458771,0.8815085291862488,0.7021481394767761,0.5988953113555908,0.8899571895599365,0.8632224798202515,0.48527684807777405,0.7195224165916443,0.5824822187423706,0.4981459379196167
2022-11-10,0.8454059362411499,0.4957546889781952,0.6682109832763672,0.3814743161201477,0.34708136320114136,0.1537242829799652,1.5280317068099976,1.6506178379058838,0.6371296644210815,0.9272423386573792,0.6366583704948425,0.7022987008094788
2022-11-15,1.307852029800415,1.4901776313781738,0.7369998097419739,1.2326164245605469,1.3612359762191772,0.7803225517272949,1.5043216943740845,1.667781949043274,0.6432011723518372,1.3903298377990723,1.5714044570922852,0.706303596496582
2022-11-17,0.7384054064750671,0.8265439867973328,0.4061064124107361,0.8981729745864868,0.9137951135635376,0.5332351326942444,1.027776837348938,1.1305865049362183,0.3921932280063629,0.8376473188400269,0.913324236869812,0.46578970551490784
2022-12-30,1.6728178262710571,1.2277995347976685,1.5022661685943604,1.3157196044921875,1.302291989326477,0.7278039455413818,1.663724660873413,1.6239941120147705,0.6044488549232483,1.6019586324691772,1.4670324325561523,1.0970326662063599
2023-01-09,1.5665972232818604,1.7707996368408203,1.1290541887283325,1.3394852876663208,1.1385501623153687,0.998903751373291,3.0278685092926025,2.5733206272125244,1.6300115585327148,1.6167491674423218,1.6891748905181885,1.230871319770813
2023-01-14,1.1773759126663208,1.1547855138778687,0.894758939743042,0.7565733790397644,0.41848909854888916,0.734309732913971,1.4181604385375977,1.511838436126709,0.7184983491897583,1.1139835119247437,0.9564653038978577,0.8705930709838867
2023-01-24,1.0607800483703613,1.2004318237304688,0.5724586844444275,1.047860860824585,1.0410239696502686,0.5378291010856628,1.1489253044128418,1.2493224143981934,0.36107316613197327,1.0679421424865723,1.1649322509765625,0.5385411381721497
2023-02-05,1.0581700801849365,1.118341326713562,0.6432520747184753,1.3233959674835205,1.3529998064041138,0.8276076912879944,1.3700134754180908,1.4787181615829468,0.5101484656333923,1.198515772819519,1.273859977722168,0.7118057012557983
2023-02-13,1.0977619886398315,1.1602659225463867,0.6885527968406677,1.0144217014312744,0.900753378868103,0.7180027365684509,1.5541694164276123,1.6855798959732056,0.6103739738464355,1.1419439315795898,1.2237343788146973,0.7103412747383118
2023-02-25,0.9093181490898132,0.9576625823974609,0.5437381267547607,1.0577384233474731,1.1243021488189697,0.584516704082489,1.2447172403335571,1.3110771179199219,0.43119022250175476,1.0117872953414917,1.0752854347229004,0.5564936399459839
2023-03-02,0.7641555666923523,0.7940353155136108,0.4471271336078644,0.9312963485717773,0.9615616202354431,0.5272793769836426,1.2228927612304688,1.2780227661132812,0.4289761185646057,0.8912875056266785,0.9205451607704163,0.5000768899917603
2023-03-20,1.1918537616729736,1.3391625881195068,0.6627786755561829,1.2471102476119995,1.3598618507385254,0.679886519908905,1.4981179237365723,1.6277014017105103,0.4411213994026184,1.257343053817749,1.4564929008483887,0.6494329571723938
2023-03-27,1.0582573413848877,1.129387378692627,0.5372048020362854,1.2471458911895752,1.3189988136291504,0.6641011238098145,1.2788535356521606,1.3234915733337402,0.35181140899658203,1.15802800655365,1.2278861999511719,0.5726074576377869
2023-03-30,0.9798740148544312,1.0093059539794922,0.5083083510398865,1.0098999738693237,1.0728957653045654,0.4939844012260437,1.3983027935028076,1.4650700092315674,0.4035450220108032,1.0531425476074219,1.1515183448791504,0.5100652575492859
2023-04-09,3.7918882369995117,3.7925124168395996,0.9947236180305481,2.431831121444702,2.4298105239868164,0.40329447388648987,,,,3.762753486633301,3.7717227935791016,1.0052558183670044
2023-04-11,1.4240671396255493,1.5494215488433838,0.8769146800041199,1.518393635749817,1.6470547914505005,0.874966025352478,2.25996470451355,2.415032386779785,0.8289185166358948,1.5819306373596191,1.750458002090454,0.915191650390625
2023-04-19,1.5305143594741821,1.6433985233306885,0.7893162369728088,1.6768674850463867,1.8109264373779297,0.7740585207939148,2.377531051635742,2.4827823638916016,0.6232579350471497,1.7090308666229248,1.8748184442520142,0.8139631748199463
2023-05-01,1.4884929656982422,1.6927169561386108,0.8198525905609131,1.6160457134246826,1.7761930227279663,0.8821741938591003,1.6699018478393555,1.7757054567337036,0.4716702699661255,1.5610904693603516,1.7418347597122192,0.8050624132156372
2023-05-06,,,,2.3100903034210205,2.5289430618286133,1.1696662902832031,,,,2.3100903034210205,2.5289430618286133,1.1696662902832031
2023-05-11,1.5195475816726685,1.618132472038269,0.8233110904693604,1.7702734470367432,1.7997584342956543,1.0183368921279907,2.1265366077423096,2.1958558559417725,0.7608413696289062,1.6985756158828735,1.7855499982833862,0.9135186076164246
2023-05-14,1.551487684249878,1.6667346954345703,0.8377891182899475,1.6570335626602173,1.7749347686767578,0.8763953447341919,2.105741024017334,2.2193119525909424,0.5680322647094727,1.6716551780700684,1.891552209854126,0.8390835523605347
2023-05-16,1.492971420288086,1.572230577468872,0.8526294827461243,1.80207097530365,1.8295384645462036,1.0868804454803467,1.7074440717697144,1.7541780471801758,0.5409649610519409,1.6344908475875854,1.6787749528884888,0.9182445406913757
2023-05-19,1.4450150728225708,1.5628610849380493,0.8492355346679688,1.5445529222488403,1.6204547882080078,0.8907563090324402,1.7716875076293945,1.881227731704712,0.5716783404350281,1.5294743776321411,1.6973298788070679,0.8367121815681458
2023-05-24,1.297299861907959,1.414491057395935,0.6990028023719788,1.240037202835083,1.3433796167373657,0.624934732913971,1.521559476852417,1.6169321537017822,0.4618973433971405,1.3105288743972778,1.474966287612915,0.6492923498153687
2023-05-31,2.723923444747925,2.3484325408935547,2.0253899097442627,2.2901761531829834,2.3104093074798584,1.2832516431808472,2.5991594791412354,2.59458589553833,0.7752319574356079,2.529705047607422,2.4401893615722656,1.6014293432235718
2023-06-03,1.4927343130111694,1.6226025819778442,0.7718610167503357,1.4885379076004028,1.6575359106063843,0.7189629077911377,1.6568180322647095,1.7324671745300293,0.43032047152519226,1.5162070989608765,1.6746259927749634,0.7141565680503845
2023-06-08,,,,,,,,,,,,
2023-06-10,1.8200690746307373,2.0332961082458496,0.9256609082221985,1.79818856716156,2.0460939407348633,0.8514257669448853,1.8255195617675781,1.9026957750320435,0.4494246244430542,1.8137415647506714,1.9826619625091553,0.8441808223724365
2023-06-18,1.999554991722107,2.0683000087738037,1.0110348463058472,2.292637348175049,2.42242431640625,1.0634568929672241,2.121936559677124,2.125770330429077,0.49134883284568787,2.121901512145996,2.1733009815216064,0.9807483553886414
2023-06-25,1.8490139245986938,2.020010232925415,0.9652144908905029,1.7405645847320557,1.9782695770263672,0.8503850698471069,2.165163516998291,2.2330191135406494,0.569740355014801,1.8585152626037598,2.0777950286865234,0.8857585191726685
2023-06-28,1.5211318731307983,1.6507399082183838,0.7964180111885071,1.4253594875335693,1.5824570655822754,0.6726000905036926,1.8943113088607788,1.9986498355865479,0.5052759647369385,1.543344259262085,1.7200369834899902,0.7327862977981567
2023-07-05,1.5831586122512817,1.7686656713485718,0.8783851861953735,1.568366527557373,1.7651550769805908,0.8222275972366333,1.9705451726913452,2.0743613243103027,0.5926216244697571,1.636246681213379,1.8544111251831055,0.8334221839904785
2023-07-30,1.6888716220855713,1.9171576499938965,0.9112866520881653,2.0519511699676514,2.267502546310425,1.0938541889190674,1.9399982690811157,2.0504279136657715,0.5523380637168884,1.8551398515701294,2.01544189453125,0.9538917541503906
2023-08-02,1.6360442638397217,1.6749513149261475,1.1967835426330566,1.5262805223464966,1.6415762901306152,0.8891065716743469,1.5556063652038574,1.709173321723938,0.49776753783226013,1.5844887495040894,1.6895289421081543,1.0100680589675903
2023-08-04,1.3540470600128174,1.383894443511963,0.8560405373573303,1.652166724205017,1.6921024322509766,1.0044093132019043,1.418437123298645,1.4834914207458496,0.5074223279953003,1.4695706367492676,1.469416856765747,0.8825075626373291
2023-08-07,1.2417389154434204,1.2417778968811035,0.729880690574646,1.4858112335205078,1.445776104927063,0.8963961005210876,1.5355260372161865,1.661816954612732,0.5264716148376465,1.3721612691879272,1.416399359703064,0.7793675065040588
2023-08-14,2.071411371231079,2.316295623779297,1.2020587921142578,2.2969019412994385,2.5862700939178467,1.2253092527389526,2.4456253051757812,2.622558116912842,0.8146132230758667,2.2074575424194336,2.48345947265625,1.1700255870819092
2023-08-17,1.4962507486343384,1.5914067029953003,0.8625454306602478,1.487524151802063,1.5747268199920654,0.7722265124320984,1.9896637201309204,2.138592481613159,0.6985412240028381,1.566996455192566,1.715080738067627,0.8275372385978699
2023-08-22,1.263061285018921,1.2669672966003418,0.7389765977859497,1.4437520503997803,1.5764331817626953,0.6406710743904114,2.340857744216919,2.5444107055664062,0.8340792059898376,1.523397445678711,1.5865482091903687,0.81253582239151
2023-09-06,,,,,,,,,,,,
2023-09-18,1.243154764175415,1.3910174369812012,0.7295600175857544,1.308497428894043,1.4395036697387695,0.7465258240699768,1.39179527759552,1.520519733428955,0.522415280342102,1.2886879444122314,1.4388540983200073,0.7109420895576477
2023-09-28,1.5885608196258545,1.675408124923706,0.936520516872406,1.8161660432815552,1.8912824392318726,0.9076516628265381,2.176251173019409,2.259397506713867,0.8677005767822266,1.7566100358963013,1.830986738204956,0.9387384653091431
2023-11-05,2.129444122314453,2.2625179290771484,0.8292778730392456,0.6278484463691711,0.5513140559196472,0.47301340103149414,1.4362801313400269,1.5068809986114502,0.543056309223175,1.9256200790405273,2.0485825538635254,0.8237537145614624
2023-11-07,0.4092210531234741,0.2100324183702469,0.4760441184043884,0.6116440892219543,0.45248883962631226,0.531121015548706,0.6542620062828064,0.6322494745254517,0.3937877118587494,0.5225765109062195,0.35544532537460327,0.49984535574913025
2023-11-12,0.9597811102867126,0.8974799513816833,0.7166906595230103,1.4904953241348267,1.4033682346343994,1.0826997756958008,1.6444603204727173,1.8015252351760864,0.6238391995429993,1.2482702732086182,1.141660451889038,0.9024572372436523
2023-11-25,1.2690356969833374,0.846939206123352,1.287483811378479,2.693011999130249,2.5648345947265625,0.94246506690979,1.6061052083969116,1.5746827125549316,1.094020128250122,1.3428568840026855,1.1148687601089478,1.2619342803955078
2023-12-02,0.5307459831237793,0.37802207469940186,0.5845635533332825,0.5532543063163757,0.4922519326210022,0.4020318388938904,0.49956056475639343,0.5062546730041504,0.16352494060993195,0.5342952013015747,0.459646999835968,0.46870917081832886
2023-12-07,,,,0.13355663418769836,0.08349063992500305,0.5770381689071655,0.266576886177063,0.12924820184707642,0.3473013639450073,0.2637445330619812,0.12483116239309311,0.3575457036495209
2023-12-12,1.5793445110321045,1.5323959589004517,1.2324445247650146,1.758607268333435,1.854188084602356,1.3203566074371338,1.636658787727356,1.7969290018081665,0.7474145293235779,1.6473270654678345,1.7147603034973145,1.2050482034683228
2023-12-15,2.671207904815674,2.306365489959717,1.5574864149093628,0.5525602102279663,0.4847372770309448,0.30165281891822815,0.7248703241348267,0.5341625213623047,0.5627045035362244,2.224888801574707,1.9514272212982178,1.6363788843154907
2023-12-22,0.6707549095153809,0.5526367425918579,0.5255168676376343,0.9353315830230713,0.7139701247215271,0.7472879886627197,0.8771010041236877,0.9188389778137207,0.3792223632335663,0.7951948046684265,0.6693190336227417,0.6103619337081909
2023-12-30,0.4872705340385437,0.25951889157295227,0.5521094799041748,,,,1.5747562646865845,1.5869954824447632,0.2738364338874817,1.1963680982589722,1.461108684539795,0.6505937576293945
2024-01-04,,,,,,,,,,,,
2024-01-09,1.6320480108261108,1.6407042741775513,1.1998240947723389,1.5527652502059937,1.547772765159607,1.046997308731079,1.68648362159729,1.7522106170654297,0.76886385679245,1.6362258195877075,1.675887107849121,1.121174693107605
2024-01-14,1.0821409225463867,1.0105599164962769,0.6678012013435364,0.9123852252960205,0.684445858001709,0.5234141945838928,1.326550841331482,1.4288171529769897,0.37458741664886475,1.106213092803955,1.17832350730896,0.6024389266967773
2024-01-16,1.2381675243377686,1.1015324592590332,0.9006400108337402,1.4304801225662231,1.4453790187835693,0.9531453847885132,1.3657089471817017,1.4556443691253662,0.5680235028266907,1.324734091758728,1.345088243484497,0.8857004642486572
2024-01-29,1.7658435106277466,1.7272282838821411,1.1006624698638916,1.5876306295394897,1.5686211585998535,0.9781410694122314,1.5520203113555908,1.6712982654571533,0.47029656171798706,1.6649703979492188,1.6775023937225342,0.9820302724838257
2024-02-05,1.6411046981811523,1.7045836448669434,1.1032578945159912,1.644905924797058,1.805605411529541,1.0562330484390259,1.493187427520752,1.6681129932403564,0.569994330406189,1.6212046146392822,1.700864553451538,1.0251272916793823
2024-02-08,1.1212043762207031,1.1336379051208496,0.7751924991607666,1.0267233848571777,0.9718573689460754,0.6696603298187256,1.2993683815002441,1.275480031967163,0.8088409304618835,1.1229878664016724,1.1268030405044556,0.7591917514801025
2024-03-11,1.1179736852645874,0.9529104232788086,0.823893129825592,1.474898099899292,1.470009684562683,0.892724871635437,1.5426028966903687,1.6596972942352295,0.6876926422119141,1.307732343673706,1.2598862648010254,0.8520698547363281
2024-03-14,1.2515954971313477,1.278343915939331,0.7846276164054871,1.235288381576538,1.304886817932129,0.6542081236839294,1.3015198707580566,1.4240554571151733,0.5446312427520752,1.2537859678268433,1.3357917070388794,0.7088353633880615
2024-03-19,1.8661695718765259,1.7523314952850342,1.2606185674667358,1.803755521774292,1.9024837017059326,0.9496861100196838,1.9557229280471802,2.129065990447998,0.6929389238357544,1.856505036354065,1.9519022703170776,1.0667247772216797
2024-03-26,2.1382672786712646,1.962430477142334,1.6696940660476685,2.124906301498413,2.0143818855285645,1.396708607673645,1.9771687984466553,2.1743013858795166,0.8116073608398438,2.109740734100342,2.0809459686279297,1.4721118211746216
2024-03-31,1.9026471376419067,1.8053691387176514,1.2968348264694214,2.1611971855163574,2.1995086669921875,1.3789998292922974,1.5964473485946655,1.793954610824585,0.6126100420951843,1.9495429992675781,1.837249755859375,1.265218734741211
2024-04-03,1.802988886833191,1.791165828704834,1.145628571510315,1.8714559078216553,1.9281822443008423,1.0556881427764893,1.6773810386657715,1.8277933597564697,0.6676262021064758,1.8096944093704224,1.8401249647140503,1.059407353401184
2024-04-10,2.282165765762329,2.4498252868652344,1.3389428853988647,2.416527271270752,2.5420494079589844,1.3202691078186035,2.2074759006500244,2.4869189262390137,0.8439245223999023,2.3198413848876953,2.4866700172424316,1.272367000579834
2024-04-18,1.7672269344329834,1.6658467054367065,1.1654045581817627,2.027958631515503,2.0980091094970703,1.1409348249435425,1.6437137126922607,1.7728891372680664,0.520827054977417,1.8418134450912476,1.7951916456222534,1.0941327810287476
2024-04-20,2.3873956203460693,2.4589343070983887,1.4292875528335571,2.571359395980835,2.7714884281158447,1.3328828811645508,2.105487108230591,2.2353131771087646,0.6542659997940063,2.4115846157073975,2.386786699295044,1.3157727718353271
2024-05-05,2.032782554626465,1.8705687522888184,1.31877601146698,2.246344804763794,2.239229679107666,1.2217508554458618,1.9768773317337036,2.1195902824401855,0.7653519511222839,2.1009109020233154,2.0401535034179688,1.2214837074279785
2024-05-15,2.366549015045166,1.1409615278244019,2.8376500606536865,,,,4.679065704345703,4.893279552459717,2.5373451709747314,3.4941558837890625,2.9061172008514404,2.932797431945801
2024-05-28,2.1267991065979004,1.9286290407180786,1.3921817541122437,2.246793031692505,2.2024788856506348,1.0885748863220215,1.628346562385559,1.6303901672363281,0.3378048837184906,2.095451593399048,1.836118221282959,1.200121283531189
2024-05-30,2.166104793548584,1.742676019668579,1.725890040397644,3.003230094909668,3.028547763824463,1.9437302350997925,1.7693461179733276,1.8046057224273682,0.48791617155075073,2.403233766555786,1.9004143476486206,1.7511733770370483
2024-06-02,2.623893976211548,2.42612361907959,2.0425662994384766,2.5818610191345215,2.6029038429260254,1.7363462448120117,1.8240336179733276,1.9680845737457275,0.6071447730064392,2.490678310394287,2.1427533626556396,1.808982253074646
2024-06-07,2.9205970764160156,2.725839376449585,2.2720510959625244,2.814685106277466,2.8040215969085693,2.0147666931152344,2.7107861042022705,3.0008063316345215,1.1476033926010132,2.8532259464263916,2.8964734077453613,2.050546169281006
2024-06-09,3.206817150115967,2.2645986080169678,3.4222588539123535,3.7277112007141113,2.8497772216796875,3.2753190994262695,4.128525733947754,4.287137031555176,2.46109938621521,3.526176929473877,2.7406206130981445,3.266446352005005
2024-06-12,3.526266098022461,2.967766761779785,3.10172176361084,3.102623462677002,2.8852548599243164,2.2566380500793457,2.8057076930999756,2.992269515991211,1.1810861825942993,3.2752859592437744,2.9722423553466797,2.6310720443725586
2024-06-14,2.7081797122955322,2.038024663925171,2.5112922191619873,3.2987558841705322,2.6399176120758057,2.721900224685669,2.808505058288574,3.004765510559082,1.261292815208435,2.9333159923553467,2.508897542953491,2.463547945022583
2024-06-22,,,,,,,,,,,,
2024-06-27,3.3398966789245605,3.5344271659851074,2.3367655277252197,3.278015613555908,3.324917793273926,2.1353206634521484,2.4967377185821533,2.661693572998047,0.738707423210144,3.1913695335388184,2.8748631477355957,2.116257429122925
2024-07-02,3.571812391281128,3.5039420127868652,2.6247901916503906,3.4731006622314453,3.3648552894592285,2.3006441593170166,2.5003085136413574,2.6415700912475586,0.7951699495315552,3.3784334659576416,2.9231836795806885,2.3509695529937744
2024-07-19,3.3038716316223145,3.2564752101898193,2.3771636486053467,3.0395169258117676,3.1744751930236816,2.0565884113311768,2.5753204822540283,2.864840269088745,0.9865047335624695,3.1031746864318848,2.9835803508758545,2.1242423057556152
2024-07-22,2.652524948120117,2.7226192951202393,1.93380868434906,2.6865639686584473,2.621230363845825,1.9403306245803833,2.4841465950012207,2.7843568325042725,0.98134446144104,2.640667676925659,2.750302791595459,1.8271214962005615
2024-08-11,2.472400426864624,1.8883280754089355,2.0724222660064697,2.842592239379883,2.2736141681671143,2.2973744869232178,1.948577642440796,2.15645694732666,0.7787225842475891,2.526536464691162,2.1108014583587646,2.0445644855499268
2024-08-13,3.1982715129852295,1.6594536304473877,3.199583053588867,3.2716150283813477,1.791473627090454,2.8679099082946777,2.0684075355529785,2.210170269012451,0.934046745300293,3.0429511070251465,1.9668421745300293,2.8597958087921143
2024-08-16,2.650106191635132,2.6956605911254883,1.8395590782165527,2.0127065181732178,2.0264601707458496,1.1084996461868286,1.8014369010925293,1.9046233892440796,0.5454633831977844,2.3008980751037598,2.1297967433929443,1.5149070024490356
2024-08-26,3.2966058254241943,2.6539673805236816,2.701631784439087,3.014658212661743,2.246875762939453,2.368281364440918,1.9877687692642212,2.2428081035614014,0.7492865920066833,3.0041933059692383,2.314786911010742,2.428422451019287
2024-09-17,2.8515403270721436,1.7846283912658691,2.5266470909118652,2.8949201107025146,2.102576494216919,2.275743246078491,2.109379291534424,2.3089988231658936,0.8463432788848877,2.7493584156036377,2.142092704772949,2.253048896789551
2024-09-22,,,,,,,0.40355515480041504,0.2651703953742981,0.36326438188552856,0.41173797845840454,0.2714443802833557,0.37009361386299133
2024-09-27,2.1635286808013916,2.1610019207000732,1.5281013250350952,2.076209783554077,1.849012017250061,1.5381903648376465,1.5662697553634644,1.4922536611557007,0.9319926500320435,2.052121877670288,1.787179708480835,1.474719762802124
2024-10-12,2.1051416397094727,1.3336039781570435,1.86199152469635,2.247612714767456,1.2280900478363037,1.8714641332626343,1.236899495124817,1.2554694414138794,0.5344974994659424,2.022252082824707,1.2683874368667603,1.762776494026184
2024-10-22,2.4861230850219727,2.0910370349884033,1.9327807426452637,2.614926815032959,1.4774352312088013,2.1562108993530273,2.574720859527588,2.916680335998535,1.3405214548110962,2.546485185623169,2.4097418785095215,1.94389009475708
2024-10-25,2.181870937347412,1.9180107116699219,1.5806490182876587,1.904070496559143,1.015700101852417,1.5616681575775146,2.0821783542633057,2.325428009033203,0.8431885838508606,2.075732707977295,1.9544459581375122,1.490476131439209
2024-11-11,1.4059839248657227,0.5921367406845093,1.512191891670227,1.6882175207138062,0.659091591835022,1.827266812324524,0.9652475714683533,0.9904423952102661,0.5307536721229553,1.4175430536270142,0.7060018181800842,1.524014949798584
2024-12-16,1.7222479581832886,1.2596933841705322,1.3925564289093018,2.103116750717163,1.7481465339660645,1.4637362957000732,1.2636206150054932,1.3996456861495972,0.5187191963195801,1.7920016050338745,1.400420069694519,1.358046054840088
2024-12-21,2.278306484222412,1.5147497653961182,1.8752909898757935,2.353447437286377,1.646444320678711,1.7550851106643677,1.881915807723999,2.1256165504455566,0.8587782382965088,2.2475101947784424,1.9253875017166138,1.725492000579834
2024-12-29,1.0796111822128296,0.7594961524009705,0.9668890237808228,1.0494847297668457,0.8546974658966064,0.6853575706481934,1.8425403833389282,1.9809730052947998,0.7381801009178162,1.3193432092666626,1.0370080471038818,0.9668713808059692
